Method,Graph,SEM,SHD,Precision,Recall,F1,OrientAcc
GENIE3,ER,linear,203,0.28030303030302817,0.2551724137931017,0.2671480144399324,0.2803030303030303
NOTEARS,ER,linear,2305,0.059183673469387736,0.9999999999999931,0.1117533718688732,0.5
GENIE3,ER,nonlinear,137,0.5317460317460275,0.4620689655172382,0.4944649446489453,0.47183098591549294
NOTEARS,ER,nonlinear,2079,0.06362815884476532,0.9724137931034416,0.11944091486646656,0.4862068965517241
GENIE3,SF,linear,159,0.27659574468084913,0.4062499999999958,0.32911392405014817,0.3482142857142857
NOTEARS,SF,linear,2354,0.03918367346938774,0.9999999999999897,0.0754124116260075,0.5
GENIE3,SF,nonlinear,78,0.5937499999999939,0.5937499999999939,0.5937499999994938,0.4672131147540984
NOTEARS,SF,nonlinear,1969,0.045608927704997554,0.9791666666666565,0.08715808993964597,0.4895833333333333
